filename,ori_width,ori_height,roi_x,roi_y,roi_width,roi_height
1000_Tim_2-0-00-18.23.jpg,1536,796,255,0,1028,796
1421_1.2.392.200036.9116.6.25.185122844805718.1060.20200718095509.1.jpg,824,600,43,100,616,459
1530_1.2.392.200036.9116.6.25.185122844805718.2976.20210124054755.1.jpg,640,512,34,37,579,465
2083_123_20210305140827.bmp,800,600,63,60,674,451
000.jpg,600,600,0,0,600,600
